{
  "rmse": 1.685082416088806,
  "mae": 0.65488983026687,
  "r2": 0.25076980482992095
}